seurat_clusters,organ_custom,time,mouse_id,n_cells
0,LNG,D02,m1_Sinus_D2,28
0,LNG,D02,m2_Sinus_D2,291
0,LNG,D02,m3_Sinus_D2,22
0,LNG,D05,m1_Sinus_D5,2
0,LNG,D05,m2_Sinus_D5,15
0,LNG,D05,m3_Sinus_D5,5
0,LNG,D08,m1_Sinus_D8,7
0,LNG,D08,m2_Sinus_D8,127
0,LNG,D08,m3_Sinus_D8,4
0,LNG,D14,m1_Sinus_D14,7
0,LNG,D14,m2_Sinus_D14,24
0,LNG,D14,m3_Sinus_D14,7
0,LNG,Naive,m1_Sinus_Naive,4
0,LNG,Naive,m2_Sinus_Naive,28
0,LNG,Naive,m3_Sinus_Naive,10
0,OM,D02,m1_ET_D2,168
0,OM,D02,m2_ET_D2,2499
0,OM,D02,m3_ET_D2,264
0,OM,D05,m1_ET_D5,135
0,OM,D05,m2_ET_D5,220
0,OM,D05,m3_ET_D5,1719
0,OM,D08,m1_ET_D8,281
0,OM,D08,m2_ET_D8,841
0,OM,D08,m3_ET_D8,408
0,OM,D14,m1_ET_D14,65
0,OM,D14,m2_ET_D14,296
0,OM,D14,m3_ET_D14,99
0,OM,Naive,m1_ET_Naive,207
0,OM,Naive,m2_ET_Naive,582
0,OM,Naive,m3_ET_Naive,450
0,RM,D02,m1_RT_D2,177
0,RM,D02,m2_RT_D2,531
0,RM,D02,m3_RT_D2,153
0,RM,D05,m1_RT_D5,111
0,RM,D05,m2_RT_D5,1444
0,RM,D05,m3_RT_D5,137
0,RM,D08,m1_RT_D8,120
0,RM,D08,m2_RT_D8,436
0,RM,D08,m3_RT_D8,231
0,RM,D14,m1_RT_D14,78
0,RM,D14,m2_RT_D14,80
0,RM,D14,m3_RT_D14,137
0,RM,Naive,m1_RT_Naive,198
0,RM,Naive,m2_RT_Naive,507
0,RM,Naive,m3_RT_Naive,118
1,LNG,D02,m1_Sinus_D2,488
1,LNG,D02,m2_Sinus_D2,485
1,LNG,D02,m3_Sinus_D2,337
1,LNG,D05,m1_Sinus_D5,335
1,LNG,D05,m2_Sinus_D5,314
1,LNG,D05,m3_Sinus_D5,143
1,LNG,D08,m1_Sinus_D8,256
1,LNG,D08,m2_Sinus_D8,193
1,LNG,D08,m3_Sinus_D8,138
1,LNG,D14,m1_Sinus_D14,398
1,LNG,D14,m2_Sinus_D14,720
1,LNG,D14,m3_Sinus_D14,236
1,LNG,Naive,m1_Sinus_Naive,183
1,LNG,Naive,m2_Sinus_Naive,89
1,LNG,Naive,m3_Sinus_Naive,128
1,OM,D02,m1_ET_D2,175
1,OM,D02,m2_ET_D2,221
1,OM,D02,m3_ET_D2,211
1,OM,D05,m1_ET_D5,43
1,OM,D05,m2_ET_D5,44
1,OM,D05,m3_ET_D5,45
1,OM,D08,m1_ET_D8,229
1,OM,D08,m2_ET_D8,247
1,OM,D08,m3_ET_D8,202
1,OM,D14,m1_ET_D14,125
1,OM,D14,m2_ET_D14,204
1,OM,D14,m3_ET_D14,257
1,OM,Naive,m1_ET_Naive,197
1,OM,Naive,m2_ET_Naive,151
1,OM,Naive,m3_ET_Naive,197
1,RM,D02,m1_RT_D2,449
1,RM,D02,m2_RT_D2,193
1,RM,D02,m3_RT_D2,208
1,RM,D05,m1_RT_D5,117
1,RM,D05,m2_RT_D5,210
1,RM,D05,m3_RT_D5,267
1,RM,D08,m1_RT_D8,186
1,RM,D08,m2_RT_D8,195
1,RM,D08,m3_RT_D8,237
1,RM,D14,m1_RT_D14,350
1,RM,D14,m2_RT_D14,262
1,RM,D14,m3_RT_D14,320
1,RM,Naive,m1_RT_Naive,481
1,RM,Naive,m2_RT_Naive,321
1,RM,Naive,m3_RT_Naive,264
2,LNG,D02,m1_Sinus_D2,41
2,LNG,D02,m2_Sinus_D2,37
2,LNG,D02,m3_Sinus_D2,30
2,LNG,D05,m1_Sinus_D5,7
2,LNG,D05,m2_Sinus_D5,19
2,LNG,D05,m3_Sinus_D5,177
2,LNG,D08,m1_Sinus_D8,13
2,LNG,D08,m2_Sinus_D8,12
2,LNG,D08,m3_Sinus_D8,3
2,LNG,D14,m1_Sinus_D14,245
2,LNG,D14,m2_Sinus_D14,1451
2,LNG,D14,m3_Sinus_D14,56
2,LNG,Naive,m1_Sinus_Naive,47
2,LNG,Naive,m2_Sinus_Naive,17
2,LNG,Naive,m3_Sinus_Naive,352
2,OM,D02,m1_ET_D2,310
2,OM,D02,m2_ET_D2,371
2,OM,D02,m3_ET_D2,270
2,OM,D05,m1_ET_D5,4
2,OM,D05,m2_ET_D5,6
2,OM,D05,m3_ET_D5,9
2,OM,D08,m1_ET_D8,267
2,OM,D08,m2_ET_D8,145
2,OM,D08,m3_ET_D8,278
2,OM,D14,m1_ET_D14,68
2,OM,D14,m2_ET_D14,370
2,OM,D14,m3_ET_D14,322
2,OM,Naive,m1_ET_Naive,525
2,OM,Naive,m2_ET_Naive,164
2,OM,Naive,m3_ET_Naive,162
2,RM,D02,m1_RT_D2,111
2,RM,D02,m2_RT_D2,84
2,RM,D02,m3_RT_D2,493
2,RM,D05,m1_RT_D5,36
2,RM,D05,m2_RT_D5,57
2,RM,D05,m3_RT_D5,48
2,RM,D08,m1_RT_D8,126
2,RM,D08,m2_RT_D8,100
2,RM,D08,m3_RT_D8,59
2,RM,D14,m1_RT_D14,57
2,RM,D14,m2_RT_D14,281
2,RM,D14,m3_RT_D14,179
2,RM,Naive,m1_RT_Naive,118
2,RM,Naive,m2_RT_Naive,35
2,RM,Naive,m3_RT_Naive,34
3,LNG,D02,m1_Sinus_D2,81
3,LNG,D02,m2_Sinus_D2,135
3,LNG,D02,m3_Sinus_D2,37
3,LNG,D05,m1_Sinus_D5,63
3,LNG,D05,m2_Sinus_D5,63
3,LNG,D05,m3_Sinus_D5,51
3,LNG,D08,m1_Sinus_D8,43
3,LNG,D08,m2_Sinus_D8,84
3,LNG,D08,m3_Sinus_D8,28
3,LNG,D14,m1_Sinus_D14,42
3,LNG,D14,m2_Sinus_D14,73
3,LNG,D14,m3_Sinus_D14,18
3,LNG,Naive,m1_Sinus_Naive,25
3,LNG,Naive,m2_Sinus_Naive,45
3,LNG,Naive,m3_Sinus_Naive,57
3,OM,D02,m1_ET_D2,49
3,OM,D02,m2_ET_D2,40
3,OM,D02,m3_ET_D2,57
3,OM,D05,m1_ET_D5,16
3,OM,D05,m2_ET_D5,11
3,OM,D05,m3_ET_D5,28
3,OM,D08,m1_ET_D8,32
3,OM,D08,m2_ET_D8,56
3,OM,D08,m3_ET_D8,27
3,OM,D14,m1_ET_D14,9
3,OM,D14,m2_ET_D14,12
3,OM,D14,m3_ET_D14,21
3,OM,Naive,m1_ET_Naive,52
3,OM,Naive,m2_ET_Naive,30
3,OM,Naive,m3_ET_Naive,37
3,RM,D02,m1_RT_D2,662
3,RM,D02,m2_RT_D2,466
3,RM,D02,m3_RT_D2,428
3,RM,D05,m1_RT_D5,222
3,RM,D05,m2_RT_D5,423
3,RM,D05,m3_RT_D5,495
3,RM,D08,m1_RT_D8,243
3,RM,D08,m2_RT_D8,383
3,RM,D08,m3_RT_D8,291
3,RM,D14,m1_RT_D14,343
3,RM,D14,m2_RT_D14,289
3,RM,D14,m3_RT_D14,240
3,RM,Naive,m1_RT_Naive,622
3,RM,Naive,m2_RT_Naive,542
3,RM,Naive,m3_RT_Naive,428
4,LNG,D02,m1_Sinus_D2,297
4,LNG,D02,m2_Sinus_D2,291
4,LNG,D02,m3_Sinus_D2,270
4,LNG,D05,m1_Sinus_D5,153
4,LNG,D05,m2_Sinus_D5,139
4,LNG,D05,m3_Sinus_D5,105
4,LNG,D08,m1_Sinus_D8,112
4,LNG,D08,m2_Sinus_D8,116
4,LNG,D08,m3_Sinus_D8,80
4,LNG,D14,m1_Sinus_D14,211
4,LNG,D14,m2_Sinus_D14,269
4,LNG,D14,m3_Sinus_D14,84
4,LNG,Naive,m1_Sinus_Naive,74
4,LNG,Naive,m2_Sinus_Naive,104
4,LNG,Naive,m3_Sinus_Naive,117
4,OM,D02,m1_ET_D2,114
4,OM,D02,m2_ET_D2,109
4,OM,D02,m3_ET_D2,109
4,OM,D05,m1_ET_D5,32
4,OM,D05,m2_ET_D5,30
4,OM,D05,m3_ET_D5,42
4,OM,D08,m1_ET_D8,131
4,OM,D08,m2_ET_D8,75
4,OM,D08,m3_ET_D8,71
4,OM,D14,m1_ET_D14,71
4,OM,D14,m2_ET_D14,123
4,OM,D14,m3_ET_D14,112
4,OM,Naive,m1_ET_Naive,137
4,OM,Naive,m2_ET_Naive,89
4,OM,Naive,m3_ET_Naive,85
4,RM,D02,m1_RT_D2,323
4,RM,D02,m2_RT_D2,190
4,RM,D02,m3_RT_D2,193
4,RM,D05,m1_RT_D5,63
4,RM,D05,m2_RT_D5,165
4,RM,D05,m3_RT_D5,142
4,RM,D08,m1_RT_D8,66
4,RM,D08,m2_RT_D8,90
4,RM,D08,m3_RT_D8,99
4,RM,D14,m1_RT_D14,100
4,RM,D14,m2_RT_D14,158
4,RM,D14,m3_RT_D14,138
4,RM,Naive,m1_RT_Naive,234
4,RM,Naive,m2_RT_Naive,134
4,RM,Naive,m3_RT_Naive,165
5,LNG,D02,m1_Sinus_D2,36
5,LNG,D02,m2_Sinus_D2,35
5,LNG,D02,m3_Sinus_D2,21
5,LNG,D05,m1_Sinus_D5,14
5,LNG,D05,m2_Sinus_D5,15
5,LNG,D05,m3_Sinus_D5,66
5,LNG,D08,m1_Sinus_D8,16
5,LNG,D08,m2_Sinus_D8,20
5,LNG,D08,m3_Sinus_D8,17
5,LNG,D14,m1_Sinus_D14,85
5,LNG,D14,m2_Sinus_D14,242
5,LNG,D14,m3_Sinus_D14,28
5,LNG,Naive,m1_Sinus_Naive,23
5,LNG,Naive,m2_Sinus_Naive,11
5,LNG,Naive,m3_Sinus_Naive,54
5,OM,D02,m1_ET_D2,41
5,OM,D02,m2_ET_D2,70
5,OM,D02,m3_ET_D2,26
5,OM,D05,m1_ET_D5,7
5,OM,D05,m2_ET_D5,17
5,OM,D05,m3_ET_D5,8
5,OM,D08,m1_ET_D8,52
5,OM,D08,m2_ET_D8,51
5,OM,D08,m3_ET_D8,38
5,OM,D14,m1_ET_D14,28
5,OM,D14,m2_ET_D14,86
5,OM,D14,m3_ET_D14,73
5,OM,Naive,m1_ET_Naive,60
5,OM,Naive,m2_ET_Naive,42
5,OM,Naive,m3_ET_Naive,42
5,RM,D02,m1_RT_D2,98
5,RM,D02,m2_RT_D2,54
5,RM,D02,m3_RT_D2,54
5,RM,D05,m1_RT_D5,74
5,RM,D05,m2_RT_D5,152
5,RM,D05,m3_RT_D5,219
5,RM,D08,m1_RT_D8,440
5,RM,D08,m2_RT_D8,434
5,RM,D08,m3_RT_D8,290
5,RM,D14,m1_RT_D14,339
5,RM,D14,m2_RT_D14,300
5,RM,D14,m3_RT_D14,231
5,RM,Naive,m1_RT_Naive,87
5,RM,Naive,m2_RT_Naive,81
5,RM,Naive,m3_RT_Naive,86
6,LNG,D02,m1_Sinus_D2,16
6,LNG,D02,m2_Sinus_D2,17
6,LNG,D02,m3_Sinus_D2,5
6,LNG,D05,m3_Sinus_D5,1
6,LNG,D08,m1_Sinus_D8,2
6,LNG,D08,m2_Sinus_D8,2
6,LNG,D08,m3_Sinus_D8,2
6,LNG,D14,m1_Sinus_D14,3
6,LNG,D14,m2_Sinus_D14,19
6,LNG,D14,m3_Sinus_D14,13
6,LNG,Naive,m1_Sinus_Naive,4
6,LNG,Naive,m2_Sinus_Naive,2
6,LNG,Naive,m3_Sinus_Naive,5
6,OM,D02,m1_ET_D2,145
6,OM,D02,m2_ET_D2,183
6,OM,D02,m3_ET_D2,160
6,OM,D05,m1_ET_D5,15
6,OM,D05,m2_ET_D5,13
6,OM,D05,m3_ET_D5,15
6,OM,D08,m1_ET_D8,201
6,OM,D08,m2_ET_D8,126
6,OM,D08,m3_ET_D8,120
6,OM,D14,m1_ET_D14,105
6,OM,D14,m2_ET_D14,224
6,OM,D14,m3_ET_D14,207
6,OM,Naive,m1_ET_Naive,113
6,OM,Naive,m2_ET_Naive,104
6,OM,Naive,m3_ET_Naive,125
6,RM,D02,m1_RT_D2,215
6,RM,D02,m2_RT_D2,136
6,RM,D02,m3_RT_D2,76
6,RM,D05,m1_RT_D5,104
6,RM,D05,m2_RT_D5,142
6,RM,D05,m3_RT_D5,166
6,RM,D08,m1_RT_D8,155
6,RM,D08,m2_RT_D8,233
6,RM,D08,m3_RT_D8,152
6,RM,D14,m1_RT_D14,299
6,RM,D14,m2_RT_D14,196
6,RM,D14,m3_RT_D14,206
6,RM,Naive,m1_RT_Naive,103
6,RM,Naive,m2_RT_Naive,68
6,RM,Naive,m3_RT_Naive,64
7,LNG,D02,m1_Sinus_D2,33
7,LNG,D02,m2_Sinus_D2,30
7,LNG,D02,m3_Sinus_D2,35
7,LNG,D05,m1_Sinus_D5,20
7,LNG,D05,m2_Sinus_D5,13
7,LNG,D05,m3_Sinus_D5,18
7,LNG,D08,m1_Sinus_D8,13
7,LNG,D08,m2_Sinus_D8,16
7,LNG,D08,m3_Sinus_D8,10
7,LNG,D14,m1_Sinus_D14,39
7,LNG,D14,m2_Sinus_D14,71
7,LNG,D14,m3_Sinus_D14,32
7,LNG,Naive,m1_Sinus_Naive,20
7,LNG,Naive,m2_Sinus_Naive,13
7,LNG,Naive,m3_Sinus_Naive,19
7,OM,D02,m1_ET_D2,89
7,OM,D02,m2_ET_D2,89
7,OM,D02,m3_ET_D2,132
7,OM,D05,m1_ET_D5,22
7,OM,D05,m2_ET_D5,48
7,OM,D05,m3_ET_D5,33
7,OM,D08,m1_ET_D8,87
7,OM,D08,m2_ET_D8,37
7,OM,D08,m3_ET_D8,46
7,OM,D14,m1_ET_D14,189
7,OM,D14,m2_ET_D14,211
7,OM,D14,m3_ET_D14,111
7,OM,Naive,m1_ET_Naive,95
7,OM,Naive,m2_ET_Naive,81
7,OM,Naive,m3_ET_Naive,75
7,RM,D02,m1_RT_D2,182
7,RM,D02,m2_RT_D2,108
7,RM,D02,m3_RT_D2,84
7,RM,D05,m1_RT_D5,51
7,RM,D05,m2_RT_D5,97
7,RM,D05,m3_RT_D5,111
7,RM,D08,m1_RT_D8,188
7,RM,D08,m2_RT_D8,174
7,RM,D08,m3_RT_D8,105
7,RM,D14,m1_RT_D14,252
7,RM,D14,m2_RT_D14,192
7,RM,D14,m3_RT_D14,286
7,RM,Naive,m1_RT_Naive,256
7,RM,Naive,m2_RT_Naive,155
7,RM,Naive,m3_RT_Naive,137
8,LNG,D02,m1_Sinus_D2,16
8,LNG,D02,m2_Sinus_D2,25
8,LNG,D02,m3_Sinus_D2,5
8,LNG,D05,m2_Sinus_D5,6
8,LNG,D05,m3_Sinus_D5,10
8,LNG,D08,m2_Sinus_D8,17
8,LNG,D08,m3_Sinus_D8,1
8,LNG,D14,m1_Sinus_D14,1
8,LNG,D14,m2_Sinus_D14,11
8,LNG,D14,m3_Sinus_D14,13
8,LNG,Naive,m1_Sinus_Naive,1
8,LNG,Naive,m2_Sinus_Naive,7
8,LNG,Naive,m3_Sinus_Naive,12
8,OM,D02,m1_ET_D2,137
8,OM,D02,m2_ET_D2,168
8,OM,D02,m3_ET_D2,207
8,OM,D05,m1_ET_D5,57
8,OM,D05,m2_ET_D5,77
8,OM,D05,m3_ET_D5,144
8,OM,D08,m1_ET_D8,124
8,OM,D08,m2_ET_D8,165
8,OM,D08,m3_ET_D8,125
8,OM,D14,m1_ET_D14,79
8,OM,D14,m2_ET_D14,103
8,OM,D14,m3_ET_D14,62
8,OM,Naive,m1_ET_Naive,103
8,OM,Naive,m2_ET_Naive,62
8,OM,Naive,m3_ET_Naive,98
8,RM,D02,m1_RT_D2,99
8,RM,D02,m2_RT_D2,124
8,RM,D02,m3_RT_D2,127
8,RM,D05,m1_RT_D5,73
8,RM,D05,m2_RT_D5,125
8,RM,D05,m3_RT_D5,99
8,RM,D08,m1_RT_D8,52
8,RM,D08,m2_RT_D8,76
8,RM,D08,m3_RT_D8,66
8,RM,D14,m1_RT_D14,84
8,RM,D14,m2_RT_D14,78
8,RM,D14,m3_RT_D14,99
8,RM,Naive,m1_RT_Naive,174
8,RM,Naive,m2_RT_Naive,137
8,RM,Naive,m3_RT_Naive,147
9,LNG,D02,m1_Sinus_D2,20
9,LNG,D02,m2_Sinus_D2,102
9,LNG,D02,m3_Sinus_D2,10
9,LNG,D05,m1_Sinus_D5,4
9,LNG,D05,m2_Sinus_D5,8
9,LNG,D05,m3_Sinus_D5,1
9,LNG,D08,m1_Sinus_D8,2
9,LNG,D08,m2_Sinus_D8,16
9,LNG,D08,m3_Sinus_D8,1
9,LNG,D14,m1_Sinus_D14,1
9,LNG,D14,m2_Sinus_D14,10
9,LNG,D14,m3_Sinus_D14,1
9,LNG,Naive,m1_Sinus_Naive,2
9,LNG,Naive,m2_Sinus_Naive,2
9,LNG,Naive,m3_Sinus_Naive,3
9,OM,D02,m1_ET_D2,42
9,OM,D02,m2_ET_D2,449
9,OM,D02,m3_ET_D2,68
9,OM,D05,m1_ET_D5,28
9,OM,D05,m2_ET_D5,86
9,OM,D05,m3_ET_D5,375
9,OM,D08,m1_ET_D8,71
9,OM,D08,m2_ET_D8,264
9,OM,D08,m3_ET_D8,113
9,OM,D14,m1_ET_D14,12
9,OM,D14,m2_ET_D14,46
9,OM,D14,m3_ET_D14,23
9,OM,Naive,m1_ET_Naive,33
9,OM,Naive,m2_ET_Naive,76
9,OM,Naive,m3_ET_Naive,91
9,RM,D02,m1_RT_D2,39
9,RM,D02,m2_RT_D2,119
9,RM,D02,m3_RT_D2,42
9,RM,D05,m1_RT_D5,34
9,RM,D05,m2_RT_D5,285
9,RM,D05,m3_RT_D5,54
9,RM,D08,m1_RT_D8,40
9,RM,D08,m2_RT_D8,87
9,RM,D08,m3_RT_D8,46
9,RM,D14,m1_RT_D14,32
9,RM,D14,m2_RT_D14,36
9,RM,D14,m3_RT_D14,54
9,RM,Naive,m1_RT_Naive,116
9,RM,Naive,m2_RT_Naive,174
9,RM,Naive,m3_RT_Naive,49
10,LNG,D02,m2_Sinus_D2,5
10,LNG,D02,m3_Sinus_D2,9
10,LNG,D05,m1_Sinus_D5,9
10,LNG,D05,m2_Sinus_D5,8
10,LNG,D05,m3_Sinus_D5,362
10,LNG,D08,m1_Sinus_D8,5
10,LNG,D08,m2_Sinus_D8,2
10,LNG,D08,m3_Sinus_D8,2
10,LNG,D14,m1_Sinus_D14,7
10,LNG,D14,m2_Sinus_D14,13
10,LNG,Naive,m1_Sinus_Naive,4
10,LNG,Naive,m2_Sinus_Naive,2
10,LNG,Naive,m3_Sinus_Naive,2
10,OM,D02,m1_ET_D2,3
10,OM,D02,m2_ET_D2,7
10,OM,D02,m3_ET_D2,4
10,OM,D05,m1_ET_D5,3
10,OM,D05,m2_ET_D5,22
10,OM,D05,m3_ET_D5,9
10,OM,D08,m1_ET_D8,3
10,OM,D08,m2_ET_D8,10
10,OM,D08,m3_ET_D8,5
10,OM,D14,m1_ET_D14,2
10,OM,D14,m2_ET_D14,3
10,OM,D14,m3_ET_D14,3
10,OM,Naive,m2_ET_Naive,8
10,OM,Naive,m3_ET_Naive,3
10,RM,D02,m1_RT_D2,20
10,RM,D02,m2_RT_D2,22
10,RM,D02,m3_RT_D2,11
10,RM,D05,m1_RT_D5,118
10,RM,D05,m2_RT_D5,459
10,RM,D05,m3_RT_D5,552
10,RM,D08,m1_RT_D8,461
10,RM,D08,m2_RT_D8,590
10,RM,D08,m3_RT_D8,181
10,RM,D14,m1_RT_D14,15
10,RM,D14,m2_RT_D14,10
10,RM,D14,m3_RT_D14,14
10,RM,Naive,m1_RT_Naive,5
10,RM,Naive,m2_RT_Naive,7
10,RM,Naive,m3_RT_Naive,11
11,LNG,D02,m1_Sinus_D2,17
11,LNG,D02,m2_Sinus_D2,37
11,LNG,D02,m3_Sinus_D2,17
11,LNG,D05,m1_Sinus_D5,21
11,LNG,D05,m2_Sinus_D5,8
11,LNG,D05,m3_Sinus_D5,37
11,LNG,D08,m1_Sinus_D8,16
11,LNG,D08,m2_Sinus_D8,16
11,LNG,D08,m3_Sinus_D8,10
11,LNG,D14,m1_Sinus_D14,21
11,LNG,D14,m2_Sinus_D14,64
11,LNG,D14,m3_Sinus_D14,13
11,LNG,Naive,m1_Sinus_Naive,13
11,LNG,Naive,m2_Sinus_Naive,13
11,LNG,Naive,m3_Sinus_Naive,24
11,OM,D02,m1_ET_D2,45
11,OM,D02,m2_ET_D2,68
11,OM,D02,m3_ET_D2,50
11,OM,D05,m1_ET_D5,47
11,OM,D05,m2_ET_D5,34
11,OM,D05,m3_ET_D5,43
11,OM,D08,m1_ET_D8,76
11,OM,D08,m2_ET_D8,64
11,OM,D08,m3_ET_D8,47
11,OM,D14,m1_ET_D14,44
11,OM,D14,m2_ET_D14,90
11,OM,D14,m3_ET_D14,110
11,OM,Naive,m1_ET_Naive,51
11,OM,Naive,m2_ET_Naive,48
11,OM,Naive,m3_ET_Naive,78
11,RM,D02,m1_RT_D2,127
11,RM,D02,m2_RT_D2,91
11,RM,D02,m3_RT_D2,56
11,RM,D05,m1_RT_D5,49
11,RM,D05,m2_RT_D5,93
11,RM,D05,m3_RT_D5,128
11,RM,D08,m1_RT_D8,157
11,RM,D08,m2_RT_D8,179
11,RM,D08,m3_RT_D8,97
11,RM,D14,m1_RT_D14,170
11,RM,D14,m2_RT_D14,115
11,RM,D14,m3_RT_D14,117
11,RM,Naive,m1_RT_Naive,88
11,RM,Naive,m2_RT_Naive,98
11,RM,Naive,m3_RT_Naive,104
12,LNG,D02,m1_Sinus_D2,63
12,LNG,D02,m2_Sinus_D2,82
12,LNG,D02,m3_Sinus_D2,43
12,LNG,D05,m1_Sinus_D5,68
12,LNG,D05,m2_Sinus_D5,42
12,LNG,D05,m3_Sinus_D5,72
12,LNG,D08,m1_Sinus_D8,60
12,LNG,D08,m2_Sinus_D8,74
12,LNG,D08,m3_Sinus_D8,18
12,LNG,D14,m1_Sinus_D14,68
12,LNG,D14,m2_Sinus_D14,94
12,LNG,D14,m3_Sinus_D14,26
12,LNG,Naive,m1_Sinus_Naive,17
12,LNG,Naive,m2_Sinus_Naive,24
12,LNG,Naive,m3_Sinus_Naive,63
12,OM,D02,m1_ET_D2,13
12,OM,D02,m2_ET_D2,11
12,OM,D02,m3_ET_D2,18
12,OM,D05,m1_ET_D5,8
12,OM,D05,m2_ET_D5,9
12,OM,D05,m3_ET_D5,10
12,OM,D08,m1_ET_D8,20
12,OM,D08,m2_ET_D8,27
12,OM,D08,m3_ET_D8,9
12,OM,D14,m1_ET_D14,2
12,OM,D14,m2_ET_D14,6
12,OM,D14,m3_ET_D14,9
12,OM,Naive,m1_ET_Naive,14
12,OM,Naive,m2_ET_Naive,6
12,OM,Naive,m3_ET_Naive,14
12,RM,D02,m1_RT_D2,181
12,RM,D02,m2_RT_D2,90
12,RM,D02,m3_RT_D2,72
12,RM,D05,m1_RT_D5,98
12,RM,D05,m2_RT_D5,203
12,RM,D05,m3_RT_D5,304
12,RM,D08,m1_RT_D8,105
12,RM,D08,m2_RT_D8,122
12,RM,D08,m3_RT_D8,106
12,RM,D14,m1_RT_D14,107
12,RM,D14,m2_RT_D14,79
12,RM,D14,m3_RT_D14,75
12,RM,Naive,m1_RT_Naive,98
12,RM,Naive,m2_RT_Naive,98
12,RM,Naive,m3_RT_Naive,85
13,LNG,D02,m1_Sinus_D2,9
13,LNG,D02,m2_Sinus_D2,1
13,LNG,D02,m3_Sinus_D2,21
13,LNG,D05,m2_Sinus_D5,2
13,LNG,D05,m3_Sinus_D5,6
13,LNG,D08,m1_Sinus_D8,1
13,LNG,D08,m2_Sinus_D8,1
13,LNG,D14,m1_Sinus_D14,2
13,LNG,D14,m2_Sinus_D14,4
13,LNG,D14,m3_Sinus_D14,47
13,LNG,Naive,m1_Sinus_Naive,1
13,LNG,Naive,m2_Sinus_Naive,1
13,LNG,Naive,m3_Sinus_Naive,7
13,OM,D02,m1_ET_D2,148
13,OM,D02,m2_ET_D2,152
13,OM,D02,m3_ET_D2,170
13,OM,D05,m1_ET_D5,10
13,OM,D05,m2_ET_D5,2
13,OM,D05,m3_ET_D5,7
13,OM,D08,m1_ET_D8,158
13,OM,D08,m2_ET_D8,60
13,OM,D08,m3_ET_D8,27
13,OM,D14,m1_ET_D14,411
13,OM,D14,m2_ET_D14,252
13,OM,D14,m3_ET_D14,186
13,OM,Naive,m1_ET_Naive,192
13,OM,Naive,m2_ET_Naive,212
13,OM,Naive,m3_ET_Naive,215
13,RM,D02,m1_RT_D2,55
13,RM,D02,m2_RT_D2,21
13,RM,D02,m3_RT_D2,9
13,RM,D05,m1_RT_D5,7
13,RM,D05,m2_RT_D5,12
13,RM,D05,m3_RT_D5,4
13,RM,D08,m1_RT_D8,8
13,RM,D08,m2_RT_D8,47
13,RM,D08,m3_RT_D8,11
13,RM,D14,m1_RT_D14,49
13,RM,D14,m2_RT_D14,60
13,RM,D14,m3_RT_D14,24
13,RM,Naive,m1_RT_Naive,8
13,RM,Naive,m2_RT_Naive,15
13,RM,Naive,m3_RT_Naive,13
14,LNG,D02,m1_Sinus_D2,16
14,LNG,D02,m2_Sinus_D2,8
14,LNG,D02,m3_Sinus_D2,15
14,LNG,D05,m1_Sinus_D5,20
14,LNG,D05,m2_Sinus_D5,5
14,LNG,D05,m3_Sinus_D5,19
14,LNG,D08,m1_Sinus_D8,8
14,LNG,D08,m2_Sinus_D8,2
14,LNG,D08,m3_Sinus_D8,4
14,LNG,D14,m1_Sinus_D14,7
14,LNG,D14,m2_Sinus_D14,9
14,LNG,D14,m3_Sinus_D14,27
14,LNG,Naive,m1_Sinus_Naive,6
14,LNG,Naive,m2_Sinus_Naive,1
14,LNG,Naive,m3_Sinus_Naive,4
14,OM,D02,m1_ET_D2,135
14,OM,D02,m2_ET_D2,81
14,OM,D02,m3_ET_D2,155
14,OM,D05,m1_ET_D5,22
14,OM,D05,m2_ET_D5,46
14,OM,D05,m3_ET_D5,76
14,OM,D08,m1_ET_D8,85
14,OM,D08,m2_ET_D8,40
14,OM,D08,m3_ET_D8,32
14,OM,D14,m1_ET_D14,268
14,OM,D14,m2_ET_D14,248
14,OM,D14,m3_ET_D14,106
14,OM,Naive,m1_ET_Naive,142
14,OM,Naive,m2_ET_Naive,167
14,OM,Naive,m3_ET_Naive,133
14,RM,D02,m1_RT_D2,38
14,RM,D02,m2_RT_D2,25
14,RM,D02,m3_RT_D2,13
14,RM,D05,m1_RT_D5,14
14,RM,D05,m2_RT_D5,38
14,RM,D05,m3_RT_D5,26
14,RM,D08,m1_RT_D8,25
14,RM,D08,m2_RT_D8,31
14,RM,D08,m3_RT_D8,30
14,RM,D14,m1_RT_D14,22
14,RM,D14,m2_RT_D14,59
14,RM,D14,m3_RT_D14,36
14,RM,Naive,m1_RT_Naive,30
14,RM,Naive,m2_RT_Naive,23
14,RM,Naive,m3_RT_Naive,18
15,LNG,D02,m1_Sinus_D2,27
15,LNG,D02,m2_Sinus_D2,122
15,LNG,D02,m3_Sinus_D2,43
15,LNG,D05,m1_Sinus_D5,19
15,LNG,D05,m2_Sinus_D5,49
15,LNG,D05,m3_Sinus_D5,25
15,LNG,D08,m1_Sinus_D8,20
15,LNG,D08,m2_Sinus_D8,37
15,LNG,D08,m3_Sinus_D8,11
15,LNG,D14,m1_Sinus_D14,8
15,LNG,D14,m2_Sinus_D14,27
15,LNG,D14,m3_Sinus_D14,4
15,LNG,Naive,m1_Sinus_Naive,19
15,LNG,Naive,m2_Sinus_Naive,36
15,LNG,Naive,m3_Sinus_Naive,12
15,OM,D02,m1_ET_D2,19
15,OM,D02,m2_ET_D2,67
15,OM,D02,m3_ET_D2,31
15,OM,D05,m1_ET_D5,8
15,OM,D05,m2_ET_D5,12
15,OM,D05,m3_ET_D5,23
15,OM,D08,m1_ET_D8,20
15,OM,D08,m2_ET_D8,28
15,OM,D08,m3_ET_D8,22
15,OM,D14,m1_ET_D14,3
15,OM,D14,m2_ET_D14,13
15,OM,D14,m3_ET_D14,11
15,OM,Naive,m1_ET_Naive,26
15,OM,Naive,m2_ET_Naive,14
15,OM,Naive,m3_ET_Naive,16
15,RM,D02,m1_RT_D2,165
15,RM,D02,m2_RT_D2,203
15,RM,D02,m3_RT_D2,143
15,RM,D05,m1_RT_D5,38
15,RM,D05,m2_RT_D5,150
15,RM,D05,m3_RT_D5,82
15,RM,D08,m1_RT_D8,49
15,RM,D08,m2_RT_D8,82
15,RM,D08,m3_RT_D8,49
15,RM,D14,m1_RT_D14,38
15,RM,D14,m2_RT_D14,65
15,RM,D14,m3_RT_D14,48
15,RM,Naive,m1_RT_Naive,148
15,RM,Naive,m2_RT_Naive,126
15,RM,Naive,m3_RT_Naive,71
16,LNG,D02,m1_Sinus_D2,18
16,LNG,D02,m2_Sinus_D2,25
16,LNG,D02,m3_Sinus_D2,13
16,LNG,D05,m1_Sinus_D5,5
16,LNG,D05,m2_Sinus_D5,3
16,LNG,D05,m3_Sinus_D5,45
16,LNG,D08,m1_Sinus_D8,8
16,LNG,D08,m2_Sinus_D8,10
16,LNG,D08,m3_Sinus_D8,14
16,LNG,D14,m1_Sinus_D14,32
16,LNG,D14,m2_Sinus_D14,49
16,LNG,D14,m3_Sinus_D14,10
16,LNG,Naive,m1_Sinus_Naive,14
16,LNG,Naive,m2_Sinus_Naive,11
16,LNG,Naive,m3_Sinus_Naive,13
16,OM,D02,m1_ET_D2,24
16,OM,D02,m2_ET_D2,25
16,OM,D02,m3_ET_D2,18
16,OM,D05,m1_ET_D5,3
16,OM,D05,m2_ET_D5,3
16,OM,D08,m1_ET_D8,20
16,OM,D08,m2_ET_D8,18
16,OM,D08,m3_ET_D8,6
16,OM,D14,m1_ET_D14,7
16,OM,D14,m2_ET_D14,49
16,OM,D14,m3_ET_D14,12
16,OM,Naive,m1_ET_Naive,30
16,OM,Naive,m2_ET_Naive,27
16,OM,Naive,m3_ET_Naive,12
16,RM,D02,m1_RT_D2,61
16,RM,D02,m2_RT_D2,47
16,RM,D02,m3_RT_D2,24
16,RM,D05,m1_RT_D5,62
16,RM,D05,m2_RT_D5,175
16,RM,D05,m3_RT_D5,216
16,RM,D08,m1_RT_D8,263
16,RM,D08,m2_RT_D8,217
16,RM,D08,m3_RT_D8,106
16,RM,D14,m1_RT_D14,65
16,RM,D14,m2_RT_D14,32
16,RM,D14,m3_RT_D14,43
16,RM,Naive,m1_RT_Naive,68
16,RM,Naive,m2_RT_Naive,73
16,RM,Naive,m3_RT_Naive,67
17,LNG,D02,m1_Sinus_D2,11
17,LNG,D02,m2_Sinus_D2,30
17,LNG,D02,m3_Sinus_D2,3
17,LNG,D05,m2_Sinus_D5,2
17,LNG,D05,m3_Sinus_D5,9
17,LNG,D08,m1_Sinus_D8,1
17,LNG,D08,m2_Sinus_D8,7
17,LNG,D08,m3_Sinus_D8,2
17,LNG,D14,m1_Sinus_D14,1
17,LNG,D14,m2_Sinus_D14,5
17,LNG,D14,m3_Sinus_D14,3
17,LNG,Naive,m2_Sinus_Naive,2
17,LNG,Naive,m3_Sinus_Naive,3
17,OM,D02,m1_ET_D2,43
17,OM,D02,m2_ET_D2,129
17,OM,D02,m3_ET_D2,52
17,OM,D05,m1_ET_D5,26
17,OM,D05,m2_ET_D5,30
17,OM,D05,m3_ET_D5,98
17,OM,D08,m1_ET_D8,27
17,OM,D08,m2_ET_D8,75
17,OM,D08,m3_ET_D8,70
17,OM,D14,m1_ET_D14,23
17,OM,D14,m2_ET_D14,64
17,OM,D14,m3_ET_D14,30
17,OM,Naive,m1_ET_Naive,62
17,OM,Naive,m2_ET_Naive,69
17,OM,Naive,m3_ET_Naive,61
17,RM,D02,m1_RT_D2,82
17,RM,D02,m2_RT_D2,100
17,RM,D02,m3_RT_D2,59
17,RM,D05,m1_RT_D5,48
17,RM,D05,m2_RT_D5,98
17,RM,D05,m3_RT_D5,79
17,RM,D08,m1_RT_D8,26
17,RM,D08,m2_RT_D8,70
17,RM,D08,m3_RT_D8,48
17,RM,D14,m1_RT_D14,40
17,RM,D14,m2_RT_D14,38
17,RM,D14,m3_RT_D14,45
17,RM,Naive,m1_RT_Naive,84
17,RM,Naive,m2_RT_Naive,68
17,RM,Naive,m3_RT_Naive,47
18,LNG,D02,m1_Sinus_D2,10
18,LNG,D02,m2_Sinus_D2,49
18,LNG,D02,m3_Sinus_D2,5
18,LNG,D05,m1_Sinus_D5,7
18,LNG,D05,m2_Sinus_D5,6
18,LNG,D05,m3_Sinus_D5,5
18,LNG,D08,m1_Sinus_D8,8
18,LNG,D08,m2_Sinus_D8,15
18,LNG,D08,m3_Sinus_D8,4
18,LNG,D14,m1_Sinus_D14,7
18,LNG,D14,m2_Sinus_D14,11
18,LNG,D14,m3_Sinus_D14,2
18,LNG,Naive,m1_Sinus_Naive,4
18,LNG,Naive,m2_Sinus_Naive,1
18,LNG,Naive,m3_Sinus_Naive,6
18,OM,D02,m1_ET_D2,47
18,OM,D02,m2_ET_D2,199
18,OM,D02,m3_ET_D2,115
18,OM,D05,m1_ET_D5,7
18,OM,D05,m2_ET_D5,17
18,OM,D05,m3_ET_D5,33
18,OM,D08,m1_ET_D8,94
18,OM,D08,m2_ET_D8,94
18,OM,D08,m3_ET_D8,100
18,OM,D14,m1_ET_D14,22
18,OM,D14,m2_ET_D14,39
18,OM,D14,m3_ET_D14,21
18,OM,Naive,m1_ET_Naive,50
18,OM,Naive,m2_ET_Naive,82
18,OM,Naive,m3_ET_Naive,79
18,RM,D02,m1_RT_D2,45
18,RM,D02,m2_RT_D2,93
18,RM,D02,m3_RT_D2,40
18,RM,D05,m1_RT_D5,21
18,RM,D05,m2_RT_D5,105
18,RM,D05,m3_RT_D5,43
18,RM,D08,m1_RT_D8,27
18,RM,D08,m2_RT_D8,56
18,RM,D08,m3_RT_D8,31
18,RM,D14,m1_RT_D14,31
18,RM,D14,m2_RT_D14,28
18,RM,D14,m3_RT_D14,25
18,RM,Naive,m1_RT_Naive,53
18,RM,Naive,m2_RT_Naive,51
18,RM,Naive,m3_RT_Naive,45
19,LNG,D02,m1_Sinus_D2,20
19,LNG,D02,m2_Sinus_D2,33
19,LNG,D02,m3_Sinus_D2,5
19,LNG,D05,m1_Sinus_D5,2
19,LNG,D05,m2_Sinus_D5,4
19,LNG,D05,m3_Sinus_D5,18
19,LNG,D08,m1_Sinus_D8,3
19,LNG,D08,m2_Sinus_D8,5
19,LNG,D08,m3_Sinus_D8,6
19,LNG,D14,m2_Sinus_D14,12
19,LNG,D14,m3_Sinus_D14,3
19,LNG,Naive,m2_Sinus_Naive,2
19,LNG,Naive,m3_Sinus_Naive,7
19,OM,D02,m1_ET_D2,62
19,OM,D02,m2_ET_D2,95
19,OM,D02,m3_ET_D2,78
19,OM,D05,m1_ET_D5,41
19,OM,D05,m2_ET_D5,37
19,OM,D05,m3_ET_D5,110
19,OM,D08,m1_ET_D8,70
19,OM,D08,m2_ET_D8,131
19,OM,D08,m3_ET_D8,84
19,OM,D14,m1_ET_D14,42
19,OM,D14,m2_ET_D14,53
19,OM,D14,m3_ET_D14,53
19,OM,Naive,m1_ET_Naive,60
19,OM,Naive,m2_ET_Naive,21
19,OM,Naive,m3_ET_Naive,115
19,RM,D02,m1_RT_D2,47
19,RM,D02,m2_RT_D2,29
19,RM,D02,m3_RT_D2,36
19,RM,D05,m1_RT_D5,35
19,RM,D05,m2_RT_D5,72
19,RM,D05,m3_RT_D5,63
19,RM,D08,m1_RT_D8,8
19,RM,D08,m2_RT_D8,41
19,RM,D08,m3_RT_D8,11
19,RM,D14,m1_RT_D14,23
19,RM,D14,m2_RT_D14,23
19,RM,D14,m3_RT_D14,34
19,RM,Naive,m1_RT_Naive,54
19,RM,Naive,m2_RT_Naive,22
19,RM,Naive,m3_RT_Naive,44
20,LNG,D02,m1_Sinus_D2,91
20,LNG,D02,m2_Sinus_D2,158
20,LNG,D02,m3_Sinus_D2,54
20,LNG,D05,m1_Sinus_D5,104
20,LNG,D05,m2_Sinus_D5,151
20,LNG,D05,m3_Sinus_D5,82
20,LNG,D08,m1_Sinus_D8,97
20,LNG,D08,m2_Sinus_D8,134
20,LNG,D08,m3_Sinus_D8,39
20,LNG,D14,m1_Sinus_D14,85
20,LNG,D14,m2_Sinus_D14,137
20,LNG,D14,m3_Sinus_D14,32
20,LNG,Naive,m1_Sinus_Naive,43
20,LNG,Naive,m2_Sinus_Naive,47
20,LNG,Naive,m3_Sinus_Naive,64
20,OM,D02,m1_ET_D2,4
20,OM,D02,m3_ET_D2,1
20,OM,D05,m2_ET_D5,1
20,OM,D05,m3_ET_D5,4
20,OM,D08,m2_ET_D8,2
20,OM,D14,m3_ET_D14,1
20,OM,Naive,m1_ET_Naive,2
20,RM,D02,m1_RT_D2,37
20,RM,D02,m2_RT_D2,21
20,RM,D02,m3_RT_D2,14
20,RM,D05,m1_RT_D5,9
20,RM,D05,m2_RT_D5,36
20,RM,D05,m3_RT_D5,35
20,RM,D08,m1_RT_D8,16
20,RM,D08,m2_RT_D8,30
20,RM,D08,m3_RT_D8,17
20,RM,D14,m1_RT_D14,15
20,RM,D14,m2_RT_D14,12
20,RM,D14,m3_RT_D14,28
20,RM,Naive,m1_RT_Naive,15
20,RM,Naive,m2_RT_Naive,11
20,RM,Naive,m3_RT_Naive,17
21,LNG,D02,m1_Sinus_D2,5
21,LNG,D02,m2_Sinus_D2,10
21,LNG,D02,m3_Sinus_D2,8
21,LNG,D05,m1_Sinus_D5,1
21,LNG,D05,m3_Sinus_D5,3
21,LNG,D08,m1_Sinus_D8,1
21,LNG,D08,m2_Sinus_D8,1
21,LNG,D08,m3_Sinus_D8,1
21,LNG,D14,m1_Sinus_D14,2
21,LNG,D14,m2_Sinus_D14,2
21,LNG,D14,m3_Sinus_D14,1
21,LNG,Naive,m1_Sinus_Naive,3
21,LNG,Naive,m3_Sinus_Naive,9
21,OM,D02,m1_ET_D2,191
21,OM,D02,m2_ET_D2,177
21,OM,D02,m3_ET_D2,101
21,OM,D05,m1_ET_D5,4
21,OM,D05,m2_ET_D5,17
21,OM,D05,m3_ET_D5,10
21,OM,D08,m1_ET_D8,48
21,OM,D08,m2_ET_D8,61
21,OM,D08,m3_ET_D8,49
21,OM,D14,m1_ET_D14,38
21,OM,D14,m2_ET_D14,130
21,OM,D14,m3_ET_D14,28
21,OM,Naive,m1_ET_Naive,263
21,OM,Naive,m2_ET_Naive,139
21,OM,Naive,m3_ET_Naive,64
21,RM,D02,m1_RT_D2,30
21,RM,D02,m2_RT_D2,20
21,RM,D02,m3_RT_D2,5
21,RM,D05,m1_RT_D5,4
21,RM,D05,m2_RT_D5,26
21,RM,D05,m3_RT_D5,5
21,RM,D08,m1_RT_D8,1
21,RM,D08,m2_RT_D8,36
21,RM,D08,m3_RT_D8,1
21,RM,D14,m1_RT_D14,8
21,RM,D14,m2_RT_D14,5
21,RM,D14,m3_RT_D14,10
21,RM,Naive,m1_RT_Naive,16
21,RM,Naive,m2_RT_Naive,9
21,RM,Naive,m3_RT_Naive,6
22,LNG,D02,m1_Sinus_D2,13
22,LNG,D02,m2_Sinus_D2,57
22,LNG,D02,m3_Sinus_D2,14
22,LNG,D05,m1_Sinus_D5,5
22,LNG,D05,m2_Sinus_D5,15
22,LNG,D05,m3_Sinus_D5,4
22,LNG,D08,m1_Sinus_D8,2
22,LNG,D08,m2_Sinus_D8,12
22,LNG,D08,m3_Sinus_D8,8
22,LNG,D14,m1_Sinus_D14,7
22,LNG,D14,m2_Sinus_D14,20
22,LNG,D14,m3_Sinus_D14,7
22,LNG,Naive,m1_Sinus_Naive,3
22,LNG,Naive,m2_Sinus_Naive,10
22,LNG,Naive,m3_Sinus_Naive,2
22,OM,D02,m1_ET_D2,28
22,OM,D02,m2_ET_D2,66
22,OM,D02,m3_ET_D2,61
22,OM,D05,m1_ET_D5,14
22,OM,D05,m2_ET_D5,13
22,OM,D05,m3_ET_D5,50
22,OM,D08,m1_ET_D8,40
22,OM,D08,m2_ET_D8,39
22,OM,D08,m3_ET_D8,30
22,OM,D14,m1_ET_D14,5
22,OM,D14,m2_ET_D14,28
22,OM,D14,m3_ET_D14,20
22,OM,Naive,m1_ET_Naive,29
22,OM,Naive,m2_ET_Naive,39
22,OM,Naive,m3_ET_Naive,25
22,RM,D02,m1_RT_D2,55
22,RM,D02,m2_RT_D2,129
22,RM,D02,m3_RT_D2,64
22,RM,D05,m1_RT_D5,19
22,RM,D05,m2_RT_D5,100
22,RM,D05,m3_RT_D5,36
22,RM,D08,m1_RT_D8,25
22,RM,D08,m2_RT_D8,32
22,RM,D08,m3_RT_D8,33
22,RM,D14,m1_RT_D14,20
22,RM,D14,m2_RT_D14,33
22,RM,D14,m3_RT_D14,38
22,RM,Naive,m1_RT_Naive,48
22,RM,Naive,m2_RT_Naive,56
22,RM,Naive,m3_RT_Naive,38
23,LNG,D02,m1_Sinus_D2,43
23,LNG,D02,m2_Sinus_D2,181
23,LNG,D02,m3_Sinus_D2,44
23,LNG,D05,m1_Sinus_D5,74
23,LNG,D05,m2_Sinus_D5,165
23,LNG,D05,m3_Sinus_D5,103
23,LNG,D08,m1_Sinus_D8,88
23,LNG,D08,m2_Sinus_D8,231
23,LNG,D08,m3_Sinus_D8,31
23,LNG,D14,m1_Sinus_D14,53
23,LNG,D14,m2_Sinus_D14,95
23,LNG,D14,m3_Sinus_D14,15
23,LNG,Naive,m1_Sinus_Naive,36
23,LNG,Naive,m2_Sinus_Naive,78
23,LNG,Naive,m3_Sinus_Naive,71
23,OM,D02,m1_ET_D2,7
23,OM,D02,m2_ET_D2,3
23,OM,D02,m3_ET_D2,1
23,OM,D05,m2_ET_D5,1
23,OM,D14,m2_ET_D14,2
23,OM,D14,m3_ET_D14,5
23,OM,Naive,m3_ET_Naive,1
23,RM,D02,m3_RT_D2,1
23,RM,D05,m1_RT_D5,3
23,RM,D05,m3_RT_D5,3
23,RM,D08,m3_RT_D8,1
23,RM,Naive,m1_RT_Naive,2
23,RM,Naive,m2_RT_Naive,2
23,RM,Naive,m3_RT_Naive,1
24,LNG,D02,m1_Sinus_D2,17
24,LNG,D02,m2_Sinus_D2,34
24,LNG,D02,m3_Sinus_D2,6
24,LNG,D05,m1_Sinus_D5,29
24,LNG,D05,m2_Sinus_D5,22
24,LNG,D05,m3_Sinus_D5,15
24,LNG,D08,m1_Sinus_D8,14
24,LNG,D08,m2_Sinus_D8,30
24,LNG,D08,m3_Sinus_D8,5
24,LNG,D14,m1_Sinus_D14,23
24,LNG,D14,m2_Sinus_D14,16
24,LNG,D14,m3_Sinus_D14,3
24,LNG,Naive,m1_Sinus_Naive,7
24,LNG,Naive,m2_Sinus_Naive,8
24,LNG,Naive,m3_Sinus_Naive,6
24,OM,D02,m3_ET_D2,1
24,OM,D14,m3_ET_D14,1
24,RM,D02,m1_RT_D2,72
24,RM,D02,m2_RT_D2,63
24,RM,D02,m3_RT_D2,31
24,RM,D05,m1_RT_D5,42
24,RM,D05,m2_RT_D5,108
24,RM,D05,m3_RT_D5,56
24,RM,D08,m1_RT_D8,60
24,RM,D08,m2_RT_D8,90
24,RM,D08,m3_RT_D8,68
24,RM,D14,m1_RT_D14,31
24,RM,D14,m2_RT_D14,42
24,RM,D14,m3_RT_D14,20
24,RM,Naive,m1_RT_Naive,19
24,RM,Naive,m2_RT_Naive,28
24,RM,Naive,m3_RT_Naive,23
25,LNG,D02,m1_Sinus_D2,2
25,LNG,D02,m2_Sinus_D2,19
25,LNG,D02,m3_Sinus_D2,5
25,LNG,D05,m1_Sinus_D5,1
25,LNG,D05,m2_Sinus_D5,4
25,LNG,D05,m3_Sinus_D5,1
25,LNG,D08,m2_Sinus_D8,6
25,LNG,D14,m2_Sinus_D14,1
25,LNG,Naive,m1_Sinus_Naive,2
25,LNG,Naive,m2_Sinus_Naive,3
25,OM,D02,m1_ET_D2,26
25,OM,D02,m2_ET_D2,65
25,OM,D02,m3_ET_D2,32
25,OM,D05,m1_ET_D5,9
25,OM,D05,m2_ET_D5,8
25,OM,D05,m3_ET_D5,55
25,OM,D08,m1_ET_D8,24
25,OM,D08,m2_ET_D8,45
25,OM,D08,m3_ET_D8,27
25,OM,D14,m1_ET_D14,6
25,OM,D14,m2_ET_D14,19
25,OM,D14,m3_ET_D14,6
25,OM,Naive,m1_ET_Naive,52
25,OM,Naive,m2_ET_Naive,53
25,OM,Naive,m3_ET_Naive,70
25,RM,D02,m1_RT_D2,24
25,RM,D02,m2_RT_D2,48
25,RM,D02,m3_RT_D2,34
25,RM,D05,m1_RT_D5,10
25,RM,D05,m2_RT_D5,39
25,RM,D05,m3_RT_D5,18
25,RM,D08,m1_RT_D8,7
25,RM,D08,m2_RT_D8,30
25,RM,D08,m3_RT_D8,17
25,RM,D14,m1_RT_D14,5
25,RM,D14,m2_RT_D14,10
25,RM,D14,m3_RT_D14,10
25,RM,Naive,m1_RT_Naive,25
25,RM,Naive,m2_RT_Naive,31
25,RM,Naive,m3_RT_Naive,13
26,LNG,D02,m1_Sinus_D2,3
26,LNG,D02,m2_Sinus_D2,2
26,LNG,D02,m3_Sinus_D2,2
26,LNG,D05,m3_Sinus_D5,26
26,LNG,D08,m1_Sinus_D8,1
26,LNG,D08,m3_Sinus_D8,1
26,LNG,D14,m1_Sinus_D14,2
26,LNG,D14,m2_Sinus_D14,101
26,LNG,Naive,m3_Sinus_Naive,4
26,OM,D02,m1_ET_D2,65
26,OM,D02,m2_ET_D2,62
26,OM,D02,m3_ET_D2,40
26,OM,D05,m1_ET_D5,9
26,OM,D05,m2_ET_D5,37
26,OM,D05,m3_ET_D5,10
26,OM,D08,m1_ET_D8,23
26,OM,D08,m2_ET_D8,10
26,OM,D08,m3_ET_D8,40
26,OM,D14,m1_ET_D14,6
26,OM,D14,m2_ET_D14,31
26,OM,D14,m3_ET_D14,35
26,OM,Naive,m1_ET_Naive,49
26,OM,Naive,m2_ET_Naive,65
26,OM,Naive,m3_ET_Naive,39
26,RM,D02,m1_RT_D2,15
26,RM,D02,m2_RT_D2,17
26,RM,D02,m3_RT_D2,8
26,RM,D05,m1_RT_D5,3
26,RM,D05,m2_RT_D5,14
26,RM,D05,m3_RT_D5,4
26,RM,D08,m1_RT_D8,3
26,RM,D08,m2_RT_D8,23
26,RM,D14,m1_RT_D14,4
26,RM,D14,m2_RT_D14,24
26,RM,D14,m3_RT_D14,12
26,RM,Naive,m1_RT_Naive,3
26,RM,Naive,m2_RT_Naive,1
26,RM,Naive,m3_RT_Naive,4
27,LNG,D02,m1_Sinus_D2,3
27,LNG,D02,m2_Sinus_D2,7
27,LNG,D02,m3_Sinus_D2,3
27,LNG,D05,m1_Sinus_D5,2
27,LNG,D05,m2_Sinus_D5,2
27,LNG,D05,m3_Sinus_D5,2
27,LNG,D08,m1_Sinus_D8,2
27,LNG,D08,m2_Sinus_D8,3
27,LNG,D08,m3_Sinus_D8,3
27,LNG,D14,m1_Sinus_D14,2
27,LNG,D14,m2_Sinus_D14,2
27,LNG,D14,m3_Sinus_D14,4
27,LNG,Naive,m1_Sinus_Naive,2
27,LNG,Naive,m2_Sinus_Naive,3
27,LNG,Naive,m3_Sinus_Naive,2
27,OM,D02,m1_ET_D2,33
27,OM,D02,m2_ET_D2,24
27,OM,D02,m3_ET_D2,27
27,OM,D05,m1_ET_D5,12
27,OM,D05,m2_ET_D5,17
27,OM,D05,m3_ET_D5,22
27,OM,D08,m1_ET_D8,29
27,OM,D08,m2_ET_D8,24
27,OM,D08,m3_ET_D8,22
27,OM,D14,m1_ET_D14,3
27,OM,D14,m2_ET_D14,10
27,OM,D14,m3_ET_D14,8
27,OM,Naive,m1_ET_Naive,25
27,OM,Naive,m2_ET_Naive,12
27,OM,Naive,m3_ET_Naive,42
27,RM,D02,m1_RT_D2,33
27,RM,D02,m2_RT_D2,34
27,RM,D02,m3_RT_D2,34
27,RM,D05,m1_RT_D5,17
27,RM,D05,m2_RT_D5,33
27,RM,D05,m3_RT_D5,27
27,RM,D08,m1_RT_D8,15
27,RM,D08,m2_RT_D8,18
27,RM,D08,m3_RT_D8,20
27,RM,D14,m1_RT_D14,15
27,RM,D14,m2_RT_D14,19
27,RM,D14,m3_RT_D14,14
27,RM,Naive,m1_RT_Naive,31
27,RM,Naive,m2_RT_Naive,25
27,RM,Naive,m3_RT_Naive,23
28,LNG,D02,m1_Sinus_D2,10
28,LNG,D02,m2_Sinus_D2,17
28,LNG,D02,m3_Sinus_D2,4
28,LNG,D05,m1_Sinus_D5,22
28,LNG,D05,m2_Sinus_D5,16
28,LNG,D05,m3_Sinus_D5,29
28,LNG,D08,m1_Sinus_D8,26
28,LNG,D08,m2_Sinus_D8,18
28,LNG,D08,m3_Sinus_D8,5
28,LNG,D14,m1_Sinus_D14,5
28,LNG,D14,m2_Sinus_D14,9
28,LNG,D14,m3_Sinus_D14,2
28,LNG,Naive,m1_Sinus_Naive,4
28,LNG,Naive,m2_Sinus_Naive,10
28,LNG,Naive,m3_Sinus_Naive,20
28,OM,Naive,m1_ET_Naive,2
28,OM,Naive,m2_ET_Naive,1
28,RM,D02,m1_RT_D2,98
28,RM,D02,m2_RT_D2,129
28,RM,D02,m3_RT_D2,110
28,RM,D05,m1_RT_D5,5
28,RM,D05,m2_RT_D5,19
28,RM,D05,m3_RT_D5,14
28,RM,D08,m1_RT_D8,2
28,RM,D08,m2_RT_D8,3
28,RM,D14,m2_RT_D14,2
28,RM,D14,m3_RT_D14,1
28,RM,Naive,m1_RT_Naive,39
28,RM,Naive,m2_RT_Naive,14
28,RM,Naive,m3_RT_Naive,12
29,LNG,D02,m1_Sinus_D2,5
29,LNG,D02,m2_Sinus_D2,16
29,LNG,D02,m3_Sinus_D2,3
29,LNG,D05,m1_Sinus_D5,1
29,LNG,D05,m2_Sinus_D5,7
29,LNG,D05,m3_Sinus_D5,3
29,LNG,D08,m1_Sinus_D8,5
29,LNG,D08,m2_Sinus_D8,9
29,LNG,D08,m3_Sinus_D8,1
29,LNG,D14,m1_Sinus_D14,2
29,LNG,D14,m2_Sinus_D14,8
29,LNG,D14,m3_Sinus_D14,2
29,LNG,Naive,m1_Sinus_Naive,3
29,LNG,Naive,m2_Sinus_Naive,1
29,LNG,Naive,m3_Sinus_Naive,6
29,OM,D02,m1_ET_D2,16
29,OM,D02,m2_ET_D2,41
29,OM,D02,m3_ET_D2,24
29,OM,D05,m1_ET_D5,9
29,OM,D05,m2_ET_D5,23
29,OM,D05,m3_ET_D5,53
29,OM,D08,m1_ET_D8,18
29,OM,D08,m2_ET_D8,43
29,OM,D08,m3_ET_D8,36
29,OM,D14,m1_ET_D14,13
29,OM,D14,m2_ET_D14,28
29,OM,D14,m3_ET_D14,17
29,OM,Naive,m1_ET_Naive,24
29,OM,Naive,m2_ET_Naive,22
29,OM,Naive,m3_ET_Naive,42
29,RM,D02,m1_RT_D2,5
29,RM,D02,m2_RT_D2,9
29,RM,D02,m3_RT_D2,10
29,RM,D05,m1_RT_D5,7
29,RM,D05,m2_RT_D5,25
29,RM,D05,m3_RT_D5,7
29,RM,D08,m1_RT_D8,3
29,RM,D08,m2_RT_D8,11
29,RM,D08,m3_RT_D8,13
29,RM,D14,m1_RT_D14,15
29,RM,D14,m2_RT_D14,9
29,RM,D14,m3_RT_D14,11
29,RM,Naive,m1_RT_Naive,9
29,RM,Naive,m2_RT_Naive,9
29,RM,Naive,m3_RT_Naive,8
30,LNG,D02,m1_Sinus_D2,4
30,LNG,D02,m2_Sinus_D2,5
30,LNG,D02,m3_Sinus_D2,2
30,LNG,D05,m1_Sinus_D5,1
30,LNG,D05,m2_Sinus_D5,1
30,LNG,D05,m3_Sinus_D5,10
30,LNG,D08,m1_Sinus_D8,2
30,LNG,D08,m3_Sinus_D8,3
30,LNG,D14,m1_Sinus_D14,3
30,LNG,D14,m2_Sinus_D14,10
30,LNG,D14,m3_Sinus_D14,3
30,LNG,Naive,m1_Sinus_Naive,3
30,LNG,Naive,m2_Sinus_Naive,1
30,LNG,Naive,m3_Sinus_Naive,3
30,OM,D02,m1_ET_D2,16
30,OM,D02,m2_ET_D2,19
30,OM,D02,m3_ET_D2,20
30,OM,D05,m1_ET_D5,4
30,OM,D05,m2_ET_D5,10
30,OM,D05,m3_ET_D5,5
30,OM,D08,m1_ET_D8,14
30,OM,D08,m2_ET_D8,5
30,OM,D08,m3_ET_D8,5
30,OM,D14,m1_ET_D14,9
30,OM,D14,m2_ET_D14,30
30,OM,D14,m3_ET_D14,28
30,OM,Naive,m1_ET_Naive,23
30,OM,Naive,m2_ET_Naive,25
30,OM,Naive,m3_ET_Naive,12
30,RM,D02,m1_RT_D2,6
30,RM,D02,m2_RT_D2,8
30,RM,D02,m3_RT_D2,13
30,RM,D05,m1_RT_D5,4
30,RM,D05,m2_RT_D5,21
30,RM,D05,m3_RT_D5,30
30,RM,D08,m1_RT_D8,48
30,RM,D08,m2_RT_D8,32
30,RM,D08,m3_RT_D8,16
30,RM,D14,m1_RT_D14,13
30,RM,D14,m2_RT_D14,27
30,RM,D14,m3_RT_D14,21
30,RM,Naive,m1_RT_Naive,8
30,RM,Naive,m2_RT_Naive,7
30,RM,Naive,m3_RT_Naive,4
31,LNG,D02,m1_Sinus_D2,4
31,LNG,D02,m2_Sinus_D2,11
31,LNG,D02,m3_Sinus_D2,1
31,LNG,D05,m1_Sinus_D5,6
31,LNG,D05,m2_Sinus_D5,6
31,LNG,D05,m3_Sinus_D5,5
31,LNG,D08,m1_Sinus_D8,2
31,LNG,D08,m2_Sinus_D8,12
31,LNG,D08,m3_Sinus_D8,1
31,LNG,D14,m1_Sinus_D14,1
31,LNG,D14,m2_Sinus_D14,10
31,LNG,D14,m3_Sinus_D14,6
31,LNG,Naive,m1_Sinus_Naive,1
31,LNG,Naive,m2_Sinus_Naive,8
31,LNG,Naive,m3_Sinus_Naive,7
31,OM,D02,m1_ET_D2,3
31,OM,D02,m2_ET_D2,14
31,OM,D02,m3_ET_D2,1
31,OM,D05,m1_ET_D5,1
31,OM,D05,m2_ET_D5,2
31,OM,D05,m3_ET_D5,16
31,OM,D08,m1_ET_D8,2
31,OM,D08,m2_ET_D8,8
31,OM,D08,m3_ET_D8,3
31,OM,D14,m1_ET_D14,7
31,OM,D14,m2_ET_D14,5
31,OM,D14,m3_ET_D14,3
31,OM,Naive,m1_ET_Naive,3
31,OM,Naive,m3_ET_Naive,3
31,RM,D02,m1_RT_D2,24
31,RM,D02,m2_RT_D2,25
31,RM,D02,m3_RT_D2,14
31,RM,D05,m1_RT_D5,7
31,RM,D05,m2_RT_D5,35
31,RM,D05,m3_RT_D5,19
31,RM,D08,m1_RT_D8,10
31,RM,D08,m2_RT_D8,24
31,RM,D08,m3_RT_D8,12
31,RM,D14,m1_RT_D14,21
31,RM,D14,m2_RT_D14,16
31,RM,D14,m3_RT_D14,17
31,RM,Naive,m1_RT_Naive,43
31,RM,Naive,m2_RT_Naive,45
31,RM,Naive,m3_RT_Naive,20
32,OM,D02,m2_ET_D2,1
32,OM,D08,m1_ET_D8,1
32,OM,D08,m2_ET_D8,1
32,OM,D14,m1_ET_D14,1
32,OM,D14,m2_ET_D14,7
32,OM,D14,m3_ET_D14,2
32,RM,D02,m1_RT_D2,28
32,RM,D02,m2_RT_D2,29
32,RM,D02,m3_RT_D2,15
32,RM,D05,m1_RT_D5,8
32,RM,D05,m2_RT_D5,43
32,RM,D05,m3_RT_D5,17
32,RM,D08,m1_RT_D8,5
32,RM,D08,m2_RT_D8,11
32,RM,D08,m3_RT_D8,16
32,RM,D14,m1_RT_D14,16
32,RM,D14,m2_RT_D14,7
32,RM,D14,m3_RT_D14,14
32,RM,Naive,m1_RT_Naive,24
32,RM,Naive,m2_RT_Naive,26
32,RM,Naive,m3_RT_Naive,10
33,LNG,D02,m2_Sinus_D2,1
33,LNG,D05,m1_Sinus_D5,2
33,LNG,D05,m3_Sinus_D5,9
33,LNG,D08,m1_Sinus_D8,3
33,LNG,D08,m2_Sinus_D8,1
33,LNG,D08,m3_Sinus_D8,4
33,LNG,D14,m1_Sinus_D14,2
33,LNG,D14,m2_Sinus_D14,3
33,LNG,Naive,m2_Sinus_Naive,1
33,OM,D02,m1_ET_D2,2
33,OM,D02,m2_ET_D2,3
33,OM,D02,m3_ET_D2,2
33,OM,D05,m1_ET_D5,1
33,OM,D05,m2_ET_D5,3
33,OM,D05,m3_ET_D5,1
33,OM,D08,m1_ET_D8,4
33,OM,D08,m2_ET_D8,1
33,OM,D08,m3_ET_D8,1
33,OM,D14,m2_ET_D14,3
33,OM,D14,m3_ET_D14,1
33,OM,Naive,m1_ET_Naive,3
33,OM,Naive,m2_ET_Naive,3
33,OM,Naive,m3_ET_Naive,2
33,RM,D02,m1_RT_D2,1
33,RM,D02,m2_RT_D2,2
33,RM,D02,m3_RT_D2,1
33,RM,D05,m1_RT_D5,3
33,RM,D05,m2_RT_D5,8
33,RM,D05,m3_RT_D5,15
33,RM,D08,m1_RT_D8,51
33,RM,D08,m2_RT_D8,41
33,RM,D08,m3_RT_D8,57
33,RM,D14,m1_RT_D14,8
33,RM,D14,m2_RT_D14,3
33,RM,D14,m3_RT_D14,5
33,RM,Naive,m2_RT_Naive,1
33,RM,Naive,m3_RT_Naive,1
34,OM,D14,m2_ET_D14,1
34,RM,D02,m1_RT_D2,14
34,RM,D02,m2_RT_D2,2
34,RM,D02,m3_RT_D2,4
34,RM,D05,m1_RT_D5,2
34,RM,D05,m2_RT_D5,11
34,RM,D05,m3_RT_D5,19
34,RM,D08,m1_RT_D8,1
34,RM,D08,m2_RT_D8,9
34,RM,D08,m3_RT_D8,9
34,RM,D14,m1_RT_D14,58
34,RM,D14,m2_RT_D14,27
34,RM,D14,m3_RT_D14,33
34,RM,Naive,m1_RT_Naive,7
34,RM,Naive,m2_RT_Naive,6
34,RM,Naive,m3_RT_Naive,5
35,LNG,D02,m1_Sinus_D2,3
35,LNG,D02,m2_Sinus_D2,6
35,LNG,D02,m3_Sinus_D2,4
35,LNG,D05,m1_Sinus_D5,1
35,LNG,D05,m2_Sinus_D5,1
35,LNG,D05,m3_Sinus_D5,1
35,LNG,D08,m2_Sinus_D8,1
35,LNG,D14,m2_Sinus_D14,7
35,LNG,D14,m3_Sinus_D14,2
35,LNG,Naive,m2_Sinus_Naive,2
35,OM,D02,m2_ET_D2,1
35,OM,D08,m3_ET_D8,1
35,OM,D14,m1_ET_D14,1
35,OM,D14,m3_ET_D14,1
35,RM,D02,m1_RT_D2,11
35,RM,D02,m2_RT_D2,9
35,RM,D02,m3_RT_D2,8
35,RM,D05,m2_RT_D5,13
35,RM,D05,m3_RT_D5,4
35,RM,D08,m1_RT_D8,9
35,RM,D08,m2_RT_D8,15
35,RM,D08,m3_RT_D8,10
35,RM,D14,m1_RT_D14,13
35,RM,D14,m2_RT_D14,17
35,RM,D14,m3_RT_D14,27
35,RM,Naive,m1_RT_Naive,9
35,RM,Naive,m2_RT_Naive,9
35,RM,Naive,m3_RT_Naive,6
